index,vdiff_v,code,conversion_ns,best_fit_residual_lsb
0,-1.4,11,34.445106392,0.857750429825
1,-1.3890625,11,34.6363286039,-0.0826204924894
2,-1.378125,12,34.2929404259,-0.0229914148041
3,-1.3671875,13,34.5014485246,0.0366376628811
4,-1.35625,14,34.4431196337,0.0962667405664
5,-1.3453125,15,34.3054550637,0.155895818252
6,-1.334375,16,34.3947405658,0.215524895937
7,-1.3234375,17,34.342366373,0.275153973622
8,-1.3125,18,34.3886971842,0.334783051308
9,-1.3015625,19,34.3889060727,0.394412128993
10,-1.290625,20,34.4885205702,0.454041206678
11,-1.2796875,21,34.5897467361,0.513670284363
12,-1.26875,22,34.4448429624,0.573299362049
13,-1.2578125,23,34.4942451069,0.632928439734
14,-1.246875,24,34.3728353923,0.692557517419
15,-1.2359375,24,34.4381811155,-0.247813404896
16,-1.225,25,34.4939537219,-0.18818432721
17,-1.2140625,27,34.5913504623,0.871444750475
18,-1.203125,28,34.6906325925,0.93107382816
19,-1.1921875,28,34.3967779499,-0.00929709415442
20,-1.18125,29,34.6292464781,0.0503319835309
21,-1.1703125,30,34.5433353462,0.109961061216
22,-1.159375,31,34.3615967451,0.169590138901
23,-1.1484375,31,34.2961810658,-0.770780783413
24,-1.1375,33,34.8427750768,0.288848294272
25,-1.1265625,34,34.5552017399,0.348477371957
26,-1.115625,35,34.4935813925,0.408106449643
27,-1.1046875,35,34.4768888926,-0.532264472672
28,-1.09375,36,34.4903660684,-0.472635394987
29,-1.0828125,38,34.5886528608,0.586993682698
30,-1.071875,39,34.6401469799,0.646622760384
31,-1.0609375,39,34.4922600731,-0.293748161931
32,-1.05,40,34.4380942274,-0.234119084246
33,-1.0390625,41,34.5349506389,-0.174490006561
34,-1.028125,42,34.5951687308,-0.114860928875
35,-1.0171875,43,34.5962816313,-0.05523185119
36,-1.00625,44,34.4862338643,0.0043972264953
37,-0.9953125,45,34.6349057035,0.0640263041806
38,-0.984375,46,34.5884552721,0.123655381866
39,-0.9734375,47,34.5562477933,0.183284459551
40,-0.9625,48,34.3913392536,0.242913537236
41,-0.9515625,49,34.5438345882,0.302542614922
42,-0.940625,50,34.5551844574,0.362171692607
43,-0.9296875,51,34.5495080348,0.421800770292
44,-0.91875,51,34.5451632326,-0.518570152022
45,-0.9078125,52,34.5950244523,-0.458941074337
46,-0.896875,54,34.6250695702,0.600688003348
47,-0.8859375,55,34.6751148918,0.660317081033
48,-0.875,55,34.64061497,-0.280053841281
49,-0.8640625,56,34.4420699073,-0.220424763596
50,-0.853125,57,34.5371580351,-0.160795685911
51,-0.8421875,58,34.6396007216,-0.101166608226
52,-0.83125,59,34.594585372,-0.0415375305403
53,-0.8203125,60,34.444075544,0.018091547145
54,-0.809375,61,34.5731926163,0.0777206248303
55,-0.7984375,62,34.4945457827,0.137349702516
56,-0.7875,63,34.4374879862,0.196978780201
57,-0.7765625,63,34.2988035085,-0.743392142114
58,-0.765625,63,34.2399915534,-1.68376306443
59,-0.7546875,63,34.1926806588,-2.62413398674
60,-0.74375,63,34.1856861365,-3.56450490906
61,-0.7328125,67,34.7489105281,-0.504875831373
62,-0.721875,68,34.5914612942,-0.445246753687
63,-0.7109375,69,34.7411539255,-0.385617676002
64,-0.7,70,34.7075511432,-0.325988598317
65,-0.6890625,71,34.5675931431,-0.266359520632
66,-0.678125,72,34.4981830375,-0.206730442946
67,-0.6671875,73,34.5932477345,-0.147101365261
68,-0.65625,74,34.6419637626,-0.0874722875758
69,-0.6453125,75,34.6626911992,-0.0278432098905
70,-0.634375,76,34.5424925568,0.0317858677947
71,-0.6234375,77,34.6969708261,0.09141494548
72,-0.6125,78,34.6114121889,0.151044023165
73,-0.6015625,79,34.6409051823,0.210673100851
74,-0.590625,79,34.5955363686,-0.729697821464
75,-0.5796875,81,34.6942230319,0.329931256221
76,-0.56875,82,34.6996485352,0.389560333906
77,-0.5578125,83,34.69230932,0.449189411592
78,-0.546875,83,34.6434985725,-0.491181510723
79,-0.5359375,84,34.6488457636,-0.431552433038
80,-0.525,86,34.7912759509,0.628076644648
81,-0.5140625,87,34.8953475804,0.687705722333
82,-0.503125,87,34.6950054366,-0.252665199982
83,-0.4921875,88,34.5429562796,-0.193036122297
84,-0.48125,89,34.6411344673,-0.133407044611
85,-0.4703125,90,34.6914706872,-0.0737779669261
86,-0.459375,91,34.7020668225,-0.0141488892408
87,-0.4484375,92,34.5917682884,0.0454801884445
88,-0.4375,93,34.6960938708,0.10510926613
89,-0.4265625,94,34.6415707574,0.164738343815
90,-0.415625,95,34.6373095069,0.2243674215
91,-0.4046875,95,34.6038767512,-0.716003500814
92,-0.39375,96,34.4951871705,-0.656374423129
93,-0.3828125,97,34.5854878017,-0.596745345444
94,-0.371875,98,34.7932319504,-0.537116267759
95,-0.3609375,99,34.591401222,-0.477487190073
96,-0.35,100,34.5597982467,-0.417858112388
97,-0.3390625,101,34.6891797563,-0.358229034703
98,-0.328125,102,34.6620932712,-0.298599957017
99,-0.3171875,103,34.6420825897,-0.238970879332
100,-0.30625,104,34.5451235009,-0.179341801647
101,-0.2953125,105,34.6446249828,-0.119712723962
102,-0.284375,106,34.6506797928,-0.0600836462764
103,-0.2734375,107,34.6933297601,-0.000454568591095
104,-0.2625,108,34.5909136792,0.0591745090942
105,-0.2515625,109,34.7279241452,0.118803586779
106,-0.240625,110,34.6802791515,0.178432664465
107,-0.2296875,111,34.7293041335,0.23806174215
108,-0.21875,112,34.495587321,0.297690819835
109,-0.2078125,113,34.7455999799,0.357319897521
110,-0.196875,114,34.7682917464,0.416948975206
111,-0.1859375,115,34.7897509586,0.476578052891
112,-0.175,115,34.6843564364,-0.463792869424
113,-0.1640625,116,34.6407674609,-0.404163791738
114,-0.153125,117,34.7348945586,-0.344534714053
115,-0.1421875,118,34.6936170687,-0.284905636368
116,-0.13125,119,34.6810794357,-0.225276558682
117,-0.1203125,120,34.5383609125,-0.165647480997
118,-0.109375,121,34.6017965115,-0.106018403312
119,-0.0984375,122,34.5940388604,-0.0463893256266
120,-0.0875,123,34.6550873172,0.0132397520586
121,-0.0765625,124,34.5456434152,0.0728688297439
122,-0.065625,125,34.643355721,0.132497907429
123,-0.0546875,126,34.5964249285,0.192126985114
124,-0.04375,127,34.7053221856,0.2517560628
125,-0.0328125,128,34.1492958611,0.311385140485
126,-0.021875,129,34.4531644545,0.37101421817
127,-0.0109375,130,34.4554262495,0.430643295856
128,0,130,34.4948810076,-0.509727626459
129,0.0109375,131,34.603835296,-0.450098548774
130,0.021875,132,34.4925144606,-0.390469471089
131,0.0328125,133,34.5438534477,-0.330840393403
132,0.04375,134,34.5431221899,-0.271211315718
133,0.0546875,135,34.6044085979,-0.211582238033
134,0.065625,136,34.4413651617,-0.151953160347
135,0.0765625,137,34.5422355848,-0.0923240826622
136,0.0875,138,34.5255249628,-0.0326950049769
137,0.0984375,139,34.6359897198,0.0269340727083
138,0.109375,140,34.5481444475,0.0865631503936
139,0.1203125,141,34.6358891636,0.146192228079
140,0.13125,142,34.6385687912,0.205821305764
141,0.1421875,143,34.7405600955,0.265450383449
142,0.153125,144,34.3870270972,0.325079461135
143,0.1640625,145,34.5525764463,0.38470853882
144,0.175,146,34.5436710064,0.444337616505
145,0.1859375,147,34.9424717444,0.503966694191
146,0.196875,148,34.5422955293,0.563595771876
147,0.2078125,149,34.7318051364,0.623224849561
148,0.21875,149,34.691620402,-0.317146072754
149,0.2296875,150,34.6453298589,-0.257516995068
150,0.240625,151,34.6870433676,-0.197887917383
151,0.2515625,152,34.5890262985,-0.138258839698
152,0.2625,153,34.6617629487,-0.0786297620125
153,0.2734375,154,34.5996688021,-0.0190006843272
154,0.284375,155,34.6855183793,0.040628393358
155,0.2953125,156,34.6397760558,0.100257471043
156,0.30625,157,34.6507505246,0.159886548729
157,0.3171875,158,34.6710966354,0.219515626414
158,0.328125,160,34.3371156545,1.2791447041
159,0.3390625,160,34.2618992203,0.338773781784
160,0.35,161,34.5872253297,0.39840285947
161,0.3609375,162,34.5480219929,0.458031937155
162,0.371875,162,34.5404175755,-0.48233898516
163,0.3828125,164,34.5851795838,0.577290092526
164,0.39375,164,34.5934170105,-0.363080829789
165,0.4046875,165,34.5928576798,-0.303451752104
166,0.415625,166,34.6145392564,-0.243822674419
167,0.4265625,167,34.7384045498,-0.184193596733
168,0.4375,168,34.4927847508,-0.124564519048
169,0.4484375,169,34.5961743805,-0.0649354413628
170,0.459375,170,34.5883724444,-0.00530636367748
171,0.4703125,171,34.6884645753,0.0543227140078
172,0.48125,172,34.6343087843,0.113951791693
173,0.4921875,173,34.6468802522,0.173580869378
174,0.503125,174,34.689774995,0.233209947064
175,0.5140625,175,34.7973314849,0.292839024749
176,0.525,176,34.4906816115,0.352468102434
177,0.5359375,177,34.6198937494,0.412097180119
178,0.546875,178,34.5890559828,0.471726257805
179,0.5578125,178,34.6454322521,-0.46864466451
180,0.56875,180,34.5418773147,0.590984413175
181,0.5796875,181,34.711618427,0.650613490861
182,0.590625,181,34.6401259753,-0.289757431454
183,0.6015625,182,34.6375378481,-0.230128353769
184,0.6125,183,34.6770393047,-0.170499276084
185,0.6234375,184,34.5822709132,-0.110870198398
186,0.634375,185,34.6358311094,-0.051241120713
187,0.6453125,186,34.5467726189,0.0083879569722
188,0.65625,187,34.6525974089,0.0680170346575
189,0.6671875,188,34.604279586,0.127646112343
190,0.678125,189,34.6032014172,0.187275190028
191,0.6890625,190,34.6377178645,0.246904267713
192,0.7,191,34.7411005184,0.306533345399
193,0.7109375,192,34.2497211124,0.366162423084
194,0.721875,193,34.5378909884,0.425791500769
195,0.7328125,194,34.4948114508,0.485420578454
196,0.74375,194,34.4814225348,-0.45495034386
197,0.7546875,196,34.4486709704,0.604678733825
198,0.765625,196,34.5813700448,-0.33569218849
199,0.7765625,197,34.535180885,-0.276063110804
200,0.7875,198,34.5475376883,-0.216434033119
201,0.7984375,199,34.7475677422,-0.156804955434
202,0.809375,200,34.4409798302,-0.0971758777486
203,0.8203125,201,34.5494790787,-0.0375468000634
204,0.83125,202,34.5322140185,0.022082277622
205,0.8421875,203,34.6735003207,0.0817113553072
206,0.853125,204,34.628168894,0.141340432993
207,0.8640625,205,34.6424285423,0.200969510678
208,0.875,206,34.7497365228,0.260598588363
209,0.8859375,208,34.8414011369,1.32022766605
210,0.896875,208,34.3383177976,0.379856743734
211,0.9078125,209,34.5428243345,0.439485821419
212,0.91875,210,34.536234827,0.499114899104
213,0.9296875,210,34.5471961425,-0.441256023211
214,0.940625,212,34.4905763621,0.618373054475
215,0.9515625,213,34.6954183493,0.67800213216
216,0.9625,213,34.5474096777,-0.262368790155
217,0.9734375,214,34.553492516,-0.202739712469
218,0.984375,215,34.638611352,-0.143110634784
219,0.9953125,216,34.5370407027,-0.0834815570989
220,1.00625,217,34.5969842279,-0.0238524794136
221,1.0171875,218,34.5351541675,0.0357765982717
222,1.028125,219,34.6429704622,0.095405675957
223,1.0390625,220,34.5905436682,0.155034753642
224,1.05,221,34.5733361257,0.214663831328
225,1.0609375,222,34.6353783319,0.274292909013
226,1.071875,223,34.848385183,0.333921986698
227,1.0828125,223,34.5916613384,-0.606448935617
228,1.09375,224,34.4771043352,-0.546819857931
229,1.1046875,225,34.5446154469,-0.487190780246
230,1.115625,226,34.4416686155,-0.427561702561
231,1.1265625,228,34.5786267174,0.632067375124
232,1.1375,228,34.4900684416,-0.30830354719
233,1.1484375,229,34.4879388893,-0.248674469505
234,1.159375,230,34.5379042772,-0.18904539182
235,1.1703125,231,34.6929472201,-0.129416314134
236,1.18125,232,34.3552638303,-0.0697872364491
237,1.1921875,233,34.4936419283,-0.0101581587639
238,1.203125,234,34.4423615928,0.0494709189214
239,1.2140625,234,34.642968016,-0.890900003393
240,1.225,235,34.5982989602,-0.831270925708
241,1.2359375,237,34.5454723122,0.228358151977
242,1.246875,237,34.543421998,-0.712012770337
243,1.2578125,238,34.5295754313,-0.652383692652
244,1.26875,239,34.5408310889,-0.592754614967
245,1.2796875,241,34.6966852672,0.466874462718
246,1.290625,242,34.5969301598,0.526503540404
247,1.3015625,242,34.3979336389,-0.413867381911
248,1.3125,244,34.4352793465,0.645761695774
249,1.3234375,244,34.43379437,-0.294609226541
250,1.334375,245,34.3924417191,-0.234980148855
251,1.3453125,246,34.4001662974,-0.17535107117
252,1.35625,247,34.4882370374,-0.115721993485
253,1.3671875,248,34.3699134354,-0.0560929157995
254,1.378125,249,34.3936694001,0.00353616188585
255,1.3890625,250,34.3033669723,0.0631652395711
256,1.4,251,34.5904446756,0.122794317256
